epoch,train_loss_mean,train_task_loss_mean,train_dom_loss_mean,val_rmse,grl_lambda_last,lr,target_city
1,2.282060594935166,1.952132523059845,1.6496403342799137,8.669312477111816,0.009249736191320634,0.0008,黔东南州
2,2.1417438983917236,1.819507310264989,1.611182965730366,8.603641510009766,0.018747803043321465,0.0008,黔东南州
3,2.079856194947895,1.7674326488846226,1.5621177271792763,8.637868881225586,0.028242487309687814,0.0008,黔东南州
4,2.0086283746518587,1.709617373190428,1.4950549477025081,8.595593452453613,0.0377320781793582,0.0008,黔东南州
5,1.9790617792229903,1.6858663025655245,1.4659774177952816,8.621179580688477,0.04721486851358714,0.0008,黔东南州
6,1.9663388007565548,1.6668055873168142,1.4976660075940584,8.589035034179688,0.056689156072175395,0.0008,黔东南州
7,1.9557619847749408,1.6605505253139294,1.476057253385845,8.584379196166992,0.0661532447322093,0.0008,黔东南州
8,1.9443508135645013,1.6510404128777354,1.466552031667609,8.681051254272461,0.07560544569746064,0.0008,黔东南州
