{
  "target_city": "黔东南州",
  "num_domains": 6,
  "best_val_rmse": 8.584379196166992,
  "rmse": 11.062923431396484,
  "mae": 4.395012855529785,
  "picp": 0.46304563492063494,
  "pinaw": 0.1419888138771057,
  "aql": 1.6553868055343628
}