epoch,train_loss_mean,train_task_loss_mean,train_dom_loss_mean,val_rmse,grl_lambda_last,lr,target_city
1,1.9918084458300942,1.6726879320646588,1.5956025374563116,10.981292724609375,0.009249736191320634,0.0008,黔南州
2,1.8581695180190236,1.5657974261986582,1.461860455964741,10.977188110351562,0.018747803043321465,0.0008,黔南州
3,1.8095692176567881,1.5234737631521726,1.4304772427207546,10.956193923950195,0.028242487309687814,0.0008,黔南州
4,1.7466313587991815,1.4704478132097345,1.380917699713456,10.940581321716309,0.0377320781793582,0.0008,黔南州
5,1.7363987659153186,1.4601148100275743,1.3814197339509662,10.911445617675781,0.04721486851358714,0.0008,黔南州
6,1.7106352636688633,1.443859399933564,1.333879270051655,11.030173301696777,0.056689156072175395,0.0008,黔南州
7,1.6937399381085445,1.426943030796553,1.3339844753867702,10.950983047485352,0.0661532447322093,0.0008,黔南州
8,1.7076999607839083,1.4337058035950911,1.3699707232023541,10.928330421447754,0.07560544569746064,0.0008,黔南州
