{
  "target_city": "黔南州",
  "num_domains": 6,
  "best_val_rmse": 10.911445617675781,
  "rmse": 11.713783264160156,
  "mae": 4.606025695800781,
  "picp": 0.48834325396825395,
  "pinaw": 0.10096801817417145,
  "aql": 1.9936254024505615
}