epoch,train_loss_mean,train_task_loss_mean,train_dom_loss_mean,val_rmse,grl_lambda_last,lr,target_city
1,1.9885799288749695,1.6364258559126603,1.7607702957956415,7.913055419921875,0.009249736191320634,0.0008,黔西南州
2,1.9001727072816146,1.5507603381809436,1.7470618800113076,7.878852844238281,0.018747803043321465,0.0008,黔西南州
3,1.8506291257707697,1.5075674323659194,1.715308339972245,7.854959011077881,0.028242487309687814,0.0008,黔西南州
4,1.7890258964739347,1.4688001306433427,1.6011288291529606,7.871496200561523,0.0377320781793582,0.0008,黔西南州
5,1.7630927405859296,1.440782954818324,1.6115488755075555,7.880588054656982,0.04721486851358714,0.0008,黔西南州
6,1.7669649720191956,1.4401136605363143,1.6342564633018093,7.900433540344238,0.056689156072175395,0.0008,黔西南州
7,1.7350543392331976,1.4204526355392055,1.5730084870990955,7.903891563415527,0.0661532447322093,0.0008,黔西南州
8,1.7227169181171216,1.4059266793100458,1.583951146979081,7.844722747802734,0.07560544569746064,0.0008,黔西南州
