{
  "target_city": "黔西南州",
  "num_domains": 6,
  "best_val_rmse": 7.844722747802734,
  "rmse": 9.904314041137695,
  "mae": 3.995915412902832,
  "picp": 0.4146825396825397,
  "pinaw": 0.13561466336250305,
  "aql": 1.6937845945358276
}