epoch,train_loss_mean,train_task_loss_mean,train_dom_loss_mean,val_rmse,grl_lambda_last,lr,target_city
1,1.4710088027151007,1.1445803955981606,1.6321420167621814,5.834758758544922,0.009249736191320634,0.0008,毕节市
2,1.3702389660634493,1.0545191357010288,1.5785991267154091,5.838478088378906,0.018747803043321465,0.0008,毕节市
3,1.340838002531152,1.0226927823142002,1.590726049322831,5.844207286834717,0.028242487309687814,0.0008,毕节市
4,1.3058889053369824,0.9993932090307537,1.5324784329063015,5.8376593589782715,0.0377320781793582,0.0008,毕节市
5,1.3074811367612136,0.9942946418335563,1.5659324244449013,5.830575942993164,0.04721486851358714,0.0008,毕节市
6,1.2998801783511513,0.9868719624845605,1.565040989925987,5.854503631591797,0.056689156072175395,0.0008,毕节市
7,1.2973597504590686,0.9889681496118244,1.5419579556113796,5.878572940826416,0.0661532447322093,0.0008,毕节市
8,1.2946568680436987,0.976931725677691,1.5886256569310238,5.8627424240112305,0.07560544569746064,0.0008,毕节市
