{
  "target_city": "毕节市",
  "num_domains": 6,
  "best_val_rmse": 5.830575942993164,
  "rmse": 8.109489440917969,
  "mae": 3.0049431324005127,
  "picp": 0.4035218253968254,
  "pinaw": 0.10840416699647903,
  "aql": 1.186572790145874
}