epoch,train_loss_mean,train_task_loss_mean,train_dom_loss_mean,val_rmse,grl_lambda_last,lr,target_city
1,1.9751590208003396,1.6214976216617383,1.7683069329512746,11.565147399902344,0.009249736191320634,0.0008,安顺市
2,1.8686368873244839,1.5313092125089545,1.6866382799650494,11.534393310546875,0.018747803043321465,0.0008,安顺市
3,1.7852347744138617,1.4582852909439488,1.634747354607833,11.609963417053223,0.028242487309687814,0.0008,安顺市
4,1.764491733751799,1.4273508693042554,1.685704281455592,11.538683891296387,0.0377320781793582,0.0008,安顺市
5,1.741794206594166,1.410861267855293,1.6546646921258223,11.58029842376709,0.04721486851358714,0.0008,安顺市
6,1.7231802908997786,1.3914964889225208,1.6584189565558183,11.560271263122559,0.056689156072175395,0.0008,安顺市
7,1.7138145252277976,1.3814595027973777,1.661775087055407,11.536725997924805,0.0661532447322093,0.0008,安顺市
8,1.7007144909155996,1.3722578789058484,1.6422829878957648,11.546720504760742,0.07560544569746064,0.0008,安顺市
