{
  "target_city": "安顺市",
  "num_domains": 6,
  "best_val_rmse": 11.534393310546875,
  "rmse": 12.007399559020996,
  "mae": 4.012589454650879,
  "picp": 0.4253472222222222,
  "pinaw": 0.033624012023210526,
  "aql": 2.3521366119384766
}