{
  "target_city": "安顺市",
  "num_domains": 6,
  "best_val_rmse": 11.49217414855957,
  "rmse": 11.993032455444336,
  "mae": 3.976557493209839,
  "picp": 0.4826388888888889,
  "pinaw": 0.0667564868927002,
  "aql": 1.5999770164489746
}