epoch,train_loss_mean,train_task_loss_mean,train_dom_loss_mean,val_rmse,grl_lambda_last,lr,target_city
1,2.007076310484033,1.6619864733595597,1.7254492107190584,6.893023490905762,0.009249736191320634,0.0008,铜仁市
2,1.9151423102930973,1.5810191647002572,1.670615748355263,6.894367218017578,0.018747803043321465,0.0008,铜仁市
3,1.8754387027338932,1.5465330010966252,1.6445284391704358,6.86724328994751,0.028242487309687814,0.0008,铜仁市
4,1.8242792612627934,1.5121854606427645,1.5604689748663652,6.877975940704346,0.0377320781793582,0.0008,铜仁市
5,1.8046271016723232,1.4931813415728117,1.5572287910862972,6.888115882873535,0.04721486851358714,0.0008,铜仁市
6,1.7918344171423661,1.489472718615281,1.5118084957725124,6.894598960876465,0.056689156072175395,0.0008,铜仁市
7,1.7805375174472207,1.4833918119731702,1.485728514821906,6.8873610496521,0.0661532447322093,0.0008,铜仁市
8,1.766466093690772,1.466508587724284,1.4997874812075966,6.910004615783691,0.07560544569746064,0.0008,铜仁市
