{
  "target_city": "铜仁市",
  "num_domains": 6,
  "best_val_rmse": 6.86724328994751,
  "rmse": 14.278099060058594,
  "mae": 4.647322177886963,
  "picp": 0.3722718253968254,
  "pinaw": 0.06529495120048523,
  "aql": 2.7239885330200195
}