epoch,train_loss_mean,train_task_loss_mean,train_dom_loss_mean,val_rmse,grl_lambda_last,lr,target_city
1,1.770610467383736,1.4422574984399896,1.6417647913882607,9.688241004943848,0.009249736191320634,0.0008,六盘水市
2,1.6289326172125966,1.3239339292049408,1.5249933945505243,9.664401054382324,0.018747803043321465,0.0008,六盘水市
3,1.593998604699185,1.2773591703490208,1.5831971419484991,9.635714530944824,0.028242487309687814,0.0008,六盘水市
4,1.5385934334052236,1.2385902232245396,1.5000159614964534,9.6810302734375,0.0377320781793582,0.0008,六盘水市
5,1.5181157965409129,1.2223777865108691,1.478689996819747,9.669511795043945,0.04721486851358714,0.0008,六盘水市
6,1.4989875523667586,1.2096731223558124,1.4465721531918174,9.689007759094238,0.056689156072175395,0.0008,六盘水市
7,1.4839837300150018,1.1935236516751742,1.452300322683234,9.652349472045898,0.0661532447322093,0.0008,六盘水市
8,1.4817466861323307,1.1856904641578072,1.4802810267398232,9.608019828796387,0.07560544569746064,0.0008,六盘水市
