{
  "target_city": "六盘水市",
  "num_domains": 6,
  "best_val_rmse": 9.640899658203125,
  "rmse": 14.889344215393066,
  "mae": 4.791559219360352,
  "picp": 0.42137896825396826,
  "pinaw": 0.07044004648923874,
  "aql": 2.3266265392303467
}