{
  "target_city": "六盘水市",
  "num_domains": 6,
  "best_val_rmse": 9.608019828796387,
  "rmse": 14.856390953063965,
  "mae": 4.821256160736084,
  "picp": 0.45014880952380953,
  "pinaw": 0.07507163286209106,
  "aql": 2.3041532039642334
}