{
  "target_city": "贵阳市",
  "num_domains": 6,
  "best_val_rmse": 10.432086944580078,
  "rmse": 10.626690864562988,
  "mae": 3.65494441986084,
  "picp": 0.36607142857142855,
  "pinaw": 0.07817249000072479,
  "aql": 1.4942251443862915
}