epoch,train_loss_mean,train_task_loss_mean,train_dom_loss_mean,val_rmse,grl_lambda_last,lr,target_city
1,1.521165945028004,1.1787916359148527,1.7118714985094572,5.757320404052734,0.009249736191320634,0.0008,遵义市
2,1.464863099549946,1.131505450135783,1.6667882015830593,5.754173278808594,0.018747803043321465,0.0008,遵义市
3,1.4429293651329844,1.1179821193218231,1.624736183568051,5.7040839195251465,0.028242487309687814,0.0008,遵义市
4,1.3920460876665617,1.0801662332133244,1.5593992534436678,5.747225761413574,0.0377320781793582,0.0008,遵义市
5,1.3622072401799654,1.0602743358988511,1.5096644351356907,5.711256504058838,0.04721486851358714,0.0008,遵义市
6,1.3409032100125362,1.0481047049949044,1.4639924701891447,5.719954013824463,0.056689156072175395,0.0008,遵义市
7,1.338277888925452,1.0480026163552936,1.4513762624640214,5.690154552459717,0.0661532447322093,0.0008,遵义市
8,1.3317598041735197,1.0396298781821602,1.4606495907432155,5.7454986572265625,0.07560544569746064,0.0008,遵义市
