{
  "target_city": "遵义市",
  "num_domains": 6,
  "best_val_rmse": 5.709801197052002,
  "rmse": 10.602496147155762,
  "mae": 3.445507764816284,
  "picp": 0.3229166666666667,
  "pinaw": 0.07116218656301498,
  "aql": 1.4515655040740967
}