{
  "target_city": "遵义市",
  "num_domains": 6,
  "best_val_rmse": 5.690154552459717,
  "rmse": 10.559319496154785,
  "mae": 3.474339246749878,
  "picp": 0.3742559523809524,
  "pinaw": 0.06860329210758209,
  "aql": 1.4992033243179321
}