epoch,train_loss_mean,train_task_loss_mean,train_dom_loss_mean,val_rmse,grl_lambda_last,lr,target_city
1,1.8220981704561334,1.4830134134543569,1.695423728541324,10.515567779541016,0.009249736191320634,0.0008,贵阳市
2,1.7439457146744979,1.4177004741994959,1.631226188258121,10.490097045898438,0.018747803043321465,0.0008,贵阳市
3,1.6814389793496383,1.3825350309673108,1.494519685444079,10.480021476745605,0.028242487309687814,0.0008,贵阳市
4,1.6488991944413436,1.3517255500743264,1.4858681528191817,10.460389137268066,0.0377320781793582,0.0008,贵阳市
5,1.627959756474746,1.3364120753187883,1.4577383744089227,10.461066246032715,0.04721486851358714,0.0008,贵阳市
6,1.6076091778905768,1.3118542401414168,1.4787746228669818,10.478878021240234,0.056689156072175395,0.0008,贵阳市
7,1.6144227040441412,1.3106792302508103,1.5187173140676398,10.438090324401855,0.0661532447322093,0.0008,贵阳市
8,1.611145788117459,1.312836645465148,1.4915456269916736,10.473963737487793,0.07560544569746064,0.0008,贵阳市
