{
  "target_city": "贵阳市",
  "num_domains": 6,
  "best_val_rmse": 10.438090324401855,
  "rmse": 10.59191608428955,
  "mae": 3.7107863426208496,
  "picp": 0.42311507936507936,
  "pinaw": 0.08757050335407257,
  "aql": 1.3988442420959473
}