{
  "target_city": "贵阳市",
  "num_domains": 6,
  "best_val_rmse": 9.892695426940918,
  "rmse": 10.469521522521973,
  "mae": 4.786883354187012,
  "picp": 0.40153769841269843,
  "pinaw": 0.165614053606987,
  "aql": 0.9409635066986084
}